,EBOV Allele Count,EBOV Allele Freq,Control Allele Count,Control Allele Freq,pval,corrected pval,pass fdr test
C*160101,31,0.16489361702127658,40,0.20618556701030927,0.35727476116558093,0.8823280856975401,False
DPB1*020102,5,0.026595744680851064,5,0.02577319587628866,1.0,1.0,False
C*1802,1,0.005319148936170213,4,0.020618556701030927,0.37201777740827513,0.8823280856975401,False
B*520102,3,0.015957446808510637,0,0.0,0.11823347791089198,0.8287255899308135,False
B*440301,10,0.05319148936170213,12,0.061855670103092786,0.8272514961447317,1.0,False
B*150301,7,0.03723404255319149,13,0.06701030927835051,0.2515465631979016,0.8388068555707494,False
DQA1*010401,1,0.005319148936170213,1,0.005154639175257732,1.0,1.0,False
A*330301,22,0.11702127659574468,11,0.05670103092783505,0.04458173971749267,0.8287255899308135,False
DRB1*110101,2,0.010638297872340425,3,0.015463917525773196,1.0,1.0,False
C*030301,3,0.015957446808510637,3,0.015463917525773196,1.0,1.0,False
DQB1*030101,9,0.047872340425531915,16,0.08247422680412371,0.21534479824117303,0.8388068555707494,False
DRB1*160201,3,0.015957446808510637,6,0.030927835051546393,0.5030818032485974,0.8823280856975401,False
A*660301,0,0.0,2,0.010309278350515464,0.4988113396819419,0.8823280856975401,False
B*15220,0,0.0,1,0.005154639175257732,1.0,1.0,False
DRB1*150301,3,0.015957446808510637,1,0.005154639175257732,0.365301390000751,0.8823280856975401,False
A*010101,6,0.031914893617021274,4,0.020618556701030927,0.5377480294731181,0.9283862736273212,False
DPA1*020202,45,0.2393617021276596,41,0.211340206185567,0.5415586596159374,0.9283862736273212,False
DPA1*010301,14,0.07446808510638298,16,0.08247422680412371,0.8501135860020912,1.0,False
C*071801,2,0.010638297872340425,0,0.0,0.2415522666995788,0.8388068555707494,False
C*170301,0,0.0,2,0.010309278350515464,0.4988113396819419,0.8823280856975401,False
DPB1*4001,4,0.02127659574468085,1,0.005154639175257732,0.20911873044779464,0.8388068555707494,False
A*300101,25,0.13297872340425532,18,0.09278350515463918,0.25752842056996694,0.8388068555707494,False
DQA1*010202,5,0.026595744680851064,7,0.03608247422680412,0.7711381727698785,1.0,False
DQB1*060201,18,0.09574468085106383,14,0.07216494845360824,0.4623020660485235,0.8823280856975401,False
A*020501,2,0.010638297872340425,2,0.010309278350515464,1.0,1.0,False
C*070101,5,0.026595744680851064,2,0.010309278350515464,0.27770880431054834,0.8556433430108786,False
DPA1*020101,37,0.19680851063829788,44,0.2268041237113402,0.5317780193371343,0.9255373160982184,False
DPB1*400101,6,0.031914893617021274,8,0.041237113402061855,0.7869655614224045,1.0,False
DPB1*10401,1,0.005319148936170213,0,0.0,0.49214659685876505,0.8823280856975401,False
DQB1*050201,7,0.03723404255319149,8,0.041237113402061855,1.0,1.0,False
DPA1*02@45,0,0.0,1,0.005154639175257732,1.0,1.0,False
B*820101,3,0.015957446808510637,0,0.0,0.11823347791089198,0.8287255899308135,False
DRB1*130301,3,0.015957446808510637,5,0.02577319587628866,0.7239343351379588,1.0,False
A*6602,1,0.005319148936170213,2,0.010309278350515464,1.0,1.0,False
DPA1*020104,0,0.0,1,0.005154639175257732,1.0,1.0,False
DRB3*020101,5,0.026595744680851064,0,0.0,0.02809305739196296,0.8287255899308135,False
C*170101,23,0.12234042553191489,15,0.07731958762886598,0.17174447991540442,0.8388068555707494,False
DRB5*0221,2,0.010638297872340425,0,0.0,0.2415522666995788,0.8388068555707494,False
DQA1*0106@22,0,0.0,1,0.005154639175257732,1.0,1.0,False
DRB3*030101,32,0.1702127659574468,22,0.1134020618556701,0.14147258627532777,0.8388068555707494,False
B*151801,1,0.005319148936170213,0,0.0,0.49214659685876505,0.8823280856975401,False
DRB1*090102,8,0.0425531914893617,14,0.07216494845360824,0.2733164365947976,0.8536458567618336,False
A*660101,0,0.0,1,0.005154639175257732,1.0,1.0,False
C*150503,0,0.0,1,0.005154639175257732,1.0,1.0,False
DQB1*031901,40,0.2127659574468085,27,0.13917525773195877,0.061137565455241856,0.8287255899308135,False
B*370101,1,0.005319148936170213,0,0.0,0.49214659685876505,0.8823280856975401,False
A*030101,7,0.03723404255319149,14,0.07216494845360824,0.17803081362765788,0.8388068555707494,False
DPB1*110101,6,0.031914893617021274,2,0.010309278350515464,0.16911439044059418,0.8388068555707494,False
DPA1*020102,3,0.015957446808510637,0,0.0,0.11823347791089198,0.8287255899308135,False
DQB1*0649,1,0.005319148936170213,0,0.0,0.49214659685876505,0.8823280856975401,False
DRB1*040501,7,0.03723404255319149,15,0.07731958762886598,0.12358188621775287,0.8287255899308135,False
DRB1*010101,3,0.015957446808510637,4,0.020618556701030927,1.0,1.0,False
B*410301,0,0.0,2,0.010309278350515464,0.4988113396819419,0.8823280856975401,False
DPB1*1050101,12,0.06382978723404255,20,0.10309278350515463,0.19739040090611976,0.8388068555707494,False
C*071901,1,0.005319148936170213,0,0.0,0.49214659685876505,0.8823280856975401,False
DRB3*020202,0,0.0,1,0.005154639175257732,1.0,1.0,False
C*150502,6,0.031914893617021274,3,0.015463917525773196,0.3311462398689948,0.8823280856975401,False
C*030401,3,0.015957446808510637,0,0.0,0.11823347791089198,0.8287255899308135,False
A*230101,15,0.0797872340425532,25,0.12886597938144329,0.13391021732855102,0.8388068555707494,False
DPB1*020119,3,0.015957446808510637,2,0.010309278350515464,0.6810249028107579,1.0,False
DPB1*58401,0,0.0,3,0.015463917525773196,0.2482170095230676,0.8388068555707494,False
DPB1*130101,7,0.03723404255319149,13,0.06701030927835051,0.2515465631979016,0.8388068555707494,False
C*070102,1,0.005319148936170213,1,0.005154639175257732,1.0,1.0,False
DRB3*02@42,0,0.0,1,0.005154639175257732,1.0,1.0,False
B*500101,2,0.010638297872340425,8,0.041237113402061855,0.10519644620156017,0.8287255899308135,False
DRB3*0202@18,0,0.0,2,0.010309278350515464,0.4988113396819419,0.8823280856975401,False
DRB1*010201,7,0.03723404255319149,8,0.041237113402061855,1.0,1.0,False
A*680201,7,0.03723404255319149,7,0.03608247422680412,1.0,1.0,False
C*060201,11,0.05851063829787234,12,0.061855670103092786,1.0,1.0,False
C*140201,5,0.026595744680851064,4,0.020618556701030927,0.7475549267841929,1.0,False
DPA1*020201,1,0.005319148936170213,0,0.0,0.49214659685876505,0.8823280856975401,False
A*740101,11,0.05851063829787234,12,0.061855670103092786,1.0,1.0,False
DPA1*0302@2,1,0.005319148936170213,0,0.0,0.49214659685876505,0.8823280856975401,False
DPA1*na,2,0.010638297872340425,0,0.0,0.2415522666995788,0.8388068555707494,False
B*35421,1,0.005319148936170213,0,0.0,0.49214659685876505,0.8823280856975401,False
B*580101,17,0.09042553191489362,12,0.061855670103092786,0.3367554572168776,0.8823280856975401,False
B*1510@23,0,0.0,1,0.005154639175257732,1.0,1.0,False
DQB1*0203,1,0.005319148936170213,0,0.0,0.49214659685876505,0.8823280856975401,False
DRB1*030102,0,0.0,1,0.005154639175257732,1.0,1.0,False
C*16@51,2,0.010638297872340425,0,0.0,0.2415522666995788,0.8388068555707494,False
DQB1*030104,2,0.010638297872340425,2,0.010309278350515464,1.0,1.0,False
DRB1*110102,20,0.10638297872340426,15,0.07731958762886598,0.37684214748729483,0.8823280856975401,False
C*120301,1,0.005319148936170213,3,0.015463917525773196,0.623210666444999,0.9867502218712485,False
A*300201,19,0.10106382978723404,20,0.10309278350515463,1.0,1.0,False
B*440302,2,0.010638297872340425,0,0.0,0.2415522666995788,0.8388068555707494,False
DQA1*010301,3,0.015957446808510637,5,0.02577319587628866,0.7239343351379588,1.0,False
DRB1*110201,12,0.06382978723404255,14,0.07216494845360824,0.840015557530697,1.0,False
DPA1*0301@2,13,0.06914893617021277,12,0.061855670103092786,0.8377430512457711,1.0,False
B*510201,0,0.0,4,0.020618556701030927,0.12321912388242102,0.8287255899308135,False
DQA1*010201,47,0.25,33,0.17010309278350516,0.059933316013105045,0.8287255899308135,False
C*021001,8,0.0425531914893617,14,0.07216494845360824,0.2733164365947976,0.8536458567618336,False
B*080101,5,0.026595744680851064,0,0.0,0.02809305739196296,0.8287255899308135,False
A*6828,0,0.0,1,0.005154639175257732,1.0,1.0,False
DPB1*010101,82,0.43617021276595747,86,0.44329896907216493,0.9180871446319029,1.0,False
DRB1*100101,1,0.005319148936170213,2,0.010309278350515464,1.0,1.0,False
DPA1*01@10,0,0.0,1,0.005154639175257732,1.0,1.0,False
DPB1*040101,8,0.0425531914893617,5,0.02577319587628866,0.4094600004970915,0.8823280856975401,False
DPB1*333@20,0,0.0,1,0.005154639175257732,1.0,1.0,False
B*570401,0,0.0,1,0.005154639175257732,1.0,1.0,False
DPB1*13301,0,0.0,1,0.005154639175257732,1.0,1.0,False
DRB1*040802,0,0.0,1,0.005154639175257732,1.0,1.0,False
DRB4*010101,12,0.06382978723404255,19,0.0979381443298969,0.26266933298168693,0.8435015199975298,False
DQB1*040201,37,0.19680851063829788,30,0.15463917525773196,0.28552982376319863,0.8680106642401237,False
DRB5*02@7,1,0.005319148936170213,7,0.03608247422680412,0.06772168682767377,0.8287255899308135,False
A*330101,13,0.06914893617021277,11,0.05670103092783505,0.6765075748078058,1.0,False
DPA1*020108,31,0.16489361702127658,35,0.18041237113402062,0.7867937012750299,1.0,False
C*0706,1,0.005319148936170213,0,0.0,0.49214659685876505,0.8823280856975401,False
B*2703,2,0.010638297872340425,8,0.041237113402061855,0.10519644620156017,0.8287255899308135,False
DQB1*060301,5,0.026595744680851064,8,0.041237113402061855,0.5749708922867106,0.9568858645355476,False
C*180201,3,0.015957446808510637,0,0.0,0.11823347791089198,0.8287255899308135,False
DQB1*050301,1,0.005319148936170213,1,0.005154639175257732,1.0,1.0,False
DQA1*050101,6,0.031914893617021274,10,0.05154639175257732,0.4456046732628586,0.8823280856975401,False
C*0718,4,0.02127659574468085,10,0.05154639175257732,0.1722518806902204,0.8388068555707494,False
DPA1*030101,13,0.06914893617021277,17,0.08762886597938144,0.5705032802913204,0.9568858645355476,False
DPB1*150101,1,0.005319148936170213,0,0.0,0.49214659685876505,0.8823280856975401,False
DPA1*0207@4,7,0.03723404255319149,4,0.020618556701030927,0.37407972837984566,0.8823280856975401,False
DRB1*030201,39,0.2074468085106383,30,0.15463917525773196,0.18643599238910816,0.8388068555707494,False
DQA1*020101,6,0.031914893617021274,14,0.07216494845360824,0.10667879463400964,0.8287255899308135,False
B*570301,3,0.015957446808510637,2,0.010309278350515464,0.6810249028107579,1.0,False
DQB1*04@5,1,0.005319148936170213,0,0.0,0.49214659685876505,0.8823280856975401,False
B*530101,19,0.10106382978723404,25,0.12886597938144329,0.4260494870082936,0.8823280856975401,False
B*4012,0,0.0,1,0.005154639175257732,1.0,1.0,False
B*140201,4,0.02127659574468085,4,0.020618556701030927,1.0,1.0,False
DPB1*461@43,0,0.0,1,0.005154639175257732,1.0,1.0,False
A*020201,5,0.026595744680851064,8,0.041237113402061855,0.5749708922867106,0.9568858645355476,False
DPB1*5840101,2,0.010638297872340425,0,0.0,0.2415522666995788,0.8388068555707494,False
DPB1*170101,8,0.0425531914893617,13,0.06701030927835051,0.37100965624983934,0.8823280856975401,False
B*570201,1,0.005319148936170213,0,0.0,0.49214659685876505,0.8823280856975401,False
DRB1*1304,15,0.0797872340425532,7,0.03608247422680412,0.07992577696396444,0.8287255899308135,False
A*020101,21,0.11170212765957446,35,0.18041237113402062,0.061378641001649185,0.8287255899308135,False
C*070201,7,0.03723404255319149,8,0.041237113402061855,1.0,1.0,False
DPB1*1701,3,0.015957446808510637,0,0.0,0.11823347791089198,0.8287255899308135,False
B*510101,1,0.005319148936170213,2,0.010309278350515464,1.0,1.0,False
DPB1*74501,2,0.010638297872340425,0,0.0,0.2415522666995788,0.8388068555707494,False
DRB4*010301,12,0.06382978723404255,27,0.13917525773195877,0.01764697181675903,0.8287255899308135,False
A*310102,1,0.005319148936170213,0,0.0,0.49214659685876505,0.8823280856975401,False
B*420201,2,0.010638297872340425,1,0.005154639175257732,0.6181733758894035,0.9867502218712485,False
DQB1*060901,13,0.06914893617021277,9,0.04639175257731959,0.38479176598320236,0.8823280856975401,False
DPB1*3001,0,0.0,1,0.005154639175257732,1.0,1.0,False
B*35@1,2,0.010638297872340425,0,0.0,0.2415522666995788,0.8388068555707494,False
DPB1*390101,1,0.005319148936170213,0,0.0,0.49214659685876505,0.8823280856975401,False
DQA1*040102,9,0.047872340425531915,2,0.010309278350515464,0.03347580864521719,0.8287255899308135,False
B*350101,22,0.11702127659574468,28,0.14432989690721648,0.4516377578861851,0.8823280856975401,False
C*080201,4,0.02127659574468085,4,0.020618556701030927,1.0,1.0,False
DQA1*010102,7,0.03723404255319149,8,0.041237113402061855,1.0,1.0,False
DRB4*01@13,1,0.005319148936170213,3,0.015463917525773196,0.623210666444999,0.9867502218712485,False
DRB1*080401,13,0.06914893617021277,6,0.030927835051546393,0.10181892073176582,0.8287255899308135,False
C*030402,6,0.031914893617021274,2,0.010309278350515464,0.16911439044059418,0.8388068555707494,False
DQA1*030301,18,0.09574468085106383,33,0.17010309278350516,0.035721971337760255,0.8287255899308135,False
DPA1*02@46,0,0.0,1,0.005154639175257732,1.0,1.0,False
A*3601,1,0.005319148936170213,0,0.0,0.49214659685876505,0.8823280856975401,False
DPA1*0301@3,3,0.015957446808510637,1,0.005154639175257732,0.365301390000751,0.8823280856975401,False
C*030202,19,0.10106382978723404,12,0.061855670103092786,0.1909216402904871,0.8388068555707494,False
DPB1*13101,3,0.015957446808510637,6,0.030927835051546393,0.5030818032485974,0.8823280856975401,False
B*490101,4,0.02127659574468085,2,0.010309278350515464,0.44285118965709,0.8823280856975401,False
B*4410,1,0.005319148936170213,4,0.020618556701030927,0.37201777740827513,0.8823280856975401,False
DRB1*070101,6,0.031914893617021274,12,0.061855670103092786,0.2276387605519561,0.8388068555707494,False
DQB1*0309,1,0.005319148936170213,0,0.0,0.49214659685876505,0.8823280856975401,False
DRB3*0202@19,0,0.0,2,0.010309278350515464,0.4988113396819419,0.8823280856975401,False
DQA1*050501,42,0.22340425531914893,42,0.21649484536082475,0.9020682655390888,1.0,False
B*151601,5,0.026595744680851064,4,0.020618556701030927,0.7475549267841929,1.0,False
B*391001,1,0.005319148936170213,3,0.015463917525773196,0.623210666444999,0.9867502218712485,False
B*4418,0,0.0,1,0.005154639175257732,1.0,1.0,False
DPB1*010102,11,0.05851063829787234,9,0.04639175257731959,0.6507785645708184,1.0,False
DPA1*0301,9,0.047872340425531915,2,0.010309278350515464,0.03347580864521719,0.8287255899308135,False
B*420101,18,0.09574468085106383,12,0.061855670103092786,0.2557767079834916,0.8388068555707494,False
DQA1*040101,38,0.20212765957446807,30,0.15463917525773196,0.23201192925511424,0.8388068555707494,False
DQB1*020101,5,0.026595744680851064,10,0.05154639175257732,0.292917865614358,0.8787535968430741,False
DRB1*030101,5,0.026595744680851064,8,0.041237113402061855,0.5749708922867106,0.9568858645355476,False
A*320101,1,0.005319148936170213,0,0.0,0.49214659685876505,0.8823280856975401,False
DQA1*010101,4,0.02127659574468085,5,0.02577319587628866,1.0,1.0,False
DQB1*060501,1,0.005319148936170213,0,0.0,0.49214659685876505,0.8823280856975401,False
B*450101,12,0.06382978723404255,15,0.07731958762886598,0.6914585752380384,1.0,False
DQB1*020201,15,0.0797872340425532,29,0.14948453608247422,0.037388783234341236,0.8287255899308135,False
A*240201,2,0.010638297872340425,1,0.005154639175257732,0.6181733758894035,0.9867502218712485,False
DRB3*0134@16,0,0.0,1,0.005154639175257732,1.0,1.0,False
DPB1*030101,1,0.005319148936170213,4,0.020618556701030927,0.37201777740827513,0.8823280856975401,False
DRB1*1210,1,0.005319148936170213,0,0.0,0.49214659685876505,0.8823280856975401,False
DPB1*41701,0,0.0,1,0.005154639175257732,1.0,1.0,False
DQB1*060401,0,0.0,1,0.005154639175257732,1.0,1.0,False
A*2317,2,0.010638297872340425,0,0.0,0.2415522666995788,0.8388068555707494,False
B*42@26,1,0.005319148936170213,0,0.0,0.49214659685876505,0.8823280856975401,False
DPB1*41401@17,0,0.0,1,0.005154639175257732,1.0,1.0,False
DRB5*010101,2,0.010638297872340425,1,0.005154639175257732,0.6181733758894035,0.9867502218712485,False
DRB1*130101,3,0.015957446808510637,7,0.03608247422680412,0.33784373274838675,0.8823280856975401,False
DRB3*020201,65,0.34574468085106386,57,0.29381443298969073,0.32328536750455417,0.8823280856975401,False
DRB1*0806,8,0.0425531914893617,12,0.061855670103092786,0.49287525767111195,0.8823280856975401,False
B*070601,1,0.005319148936170213,2,0.010309278350515464,1.0,1.0,False
C*050101,4,0.02127659574468085,1,0.005154639175257732,0.20911873044779464,0.8388068555707494,False
C*150506,0,0.0,1,0.005154639175257732,1.0,1.0,False
B*070201,10,0.05319148936170213,11,0.05670103092783505,1.0,1.0,False
B*151001,5,0.026595744680851064,1,0.005154639175257732,0.11688179972033357,0.8287255899308135,False
DRB1*120101,3,0.015957446808510637,6,0.030927835051546393,0.5030818032485974,0.8823280856975401,False
DPA1*0202@14,0,0.0,5,0.02577319587628866,0.061019460501001946,0.8287255899308135,False
C*020202,4,0.02127659574468085,4,0.020618556701030927,1.0,1.0,False
DPA1*020107,1,0.005319148936170213,6,0.030927835051546393,0.12187985408573332,0.8287255899308135,False
DPA1*0212,2,0.010638297872340425,0,0.0,0.2415522666995788,0.8388068555707494,False
A*0201@21,0,0.0,1,0.005154639175257732,1.0,1.0,False
A*340201,8,0.0425531914893617,7,0.03608247422680412,0.7970239129720895,1.0,False
DPB1*1310101,1,0.005319148936170213,0,0.0,0.49214659685876505,0.8823280856975401,False
DPB1*8501,7,0.03723404255319149,0,0.0,0.0066007348714432635,0.752483775344532,False
DRB1*010102,1,0.005319148936170213,0,0.0,0.49214659685876505,0.8823280856975401,False
A*680101,4,0.02127659574468085,6,0.030927835051546393,0.7509389089987644,1.0,False
C*040101,33,0.17553191489361702,47,0.2422680412371134,0.1311545401048833,0.8388068555707494,False
DQB1*030201,9,0.047872340425531915,18,0.09278350515463918,0.11004605621494934,0.8287255899308135,False
A*290201,6,0.031914893617021274,2,0.010309278350515464,0.16911439044059418,0.8388068555707494,False
B*8201,2,0.010638297872340425,2,0.010309278350515464,1.0,1.0,False
C*16112,0,0.0,1,0.005154639175257732,1.0,1.0,False
DRB3*010102,52,0.2765957446808511,49,0.25257731958762886,0.6430550113030238,1.0,False
DPA1*030102,0,0.0,5,0.02577319587628866,0.061019460501001946,0.8287255899308135,False
DPB1*300101,0,0.0,1,0.005154639175257732,1.0,1.0,False
DPB1*850101,2,0.010638297872340425,9,0.04639175257731959,0.061998913835652154,0.8287255899308135,False
DQA1*0511,1,0.005319148936170213,1,0.005154639175257732,1.0,1.0,False
DRB1*040101,2,0.010638297872340425,1,0.005154639175257732,0.6181733758894035,0.9867502218712485,False
B*44140,1,0.005319148936170213,0,0.0,0.49214659685876505,0.8823280856975401,False
DPB1*10501,12,0.06382978723404255,0,0.0,0.0001679813694171715,0.038299752227115104,False
DPB1*1040101,0,0.0,1,0.005154639175257732,1.0,1.0,False
B*820201,1,0.005319148936170213,0,0.0,0.49214659685876505,0.8823280856975401,False
B*180101,7,0.03723404255319149,3,0.015463917525773196,0.2140448590779116,0.8388068555707494,False
DQB1*050101,22,0.11702127659574468,21,0.10824742268041238,0.8717414308601219,1.0,False
DRB1*145401,1,0.005319148936170213,2,0.010309278350515464,1.0,1.0,False
DQA1*010501,1,0.005319148936170213,2,0.010309278350515464,1.0,1.0,False
B*780101,11,0.05851063829787234,6,0.030927835051546393,0.2211488463042465,0.8388068555707494,False
DRB1*130201,22,0.11702127659574468,14,0.07216494845360824,0.16161348076483953,0.8388068555707494,False
A*800101,5,0.026595744680851064,1,0.005154639175257732,0.11688179972033357,0.8287255899308135,False
A*0102,2,0.010638297872340425,3,0.015463917525773196,1.0,1.0,False
A*260101,2,0.010638297872340425,0,0.0,0.2415522666995788,0.8388068555707494,False
B*410201,0,0.0,1,0.005154639175257732,1.0,1.0,False
