,LASV Allele Count,LASV Allele Freq,Control Allele Count,Control Allele Freq,pval,corrected pval,pass fdr test
DPA1*02@47,1,0.00211864406779661,0,0.0,1.0,1.0,False
DPB1*850101,9,0.019067796610169493,9,0.04639175257731959,0.06778942826122661,1.0,False
C*030401,8,0.01694915254237288,0,0.0,0.11304866696089436,1.0,False
DQA1*040102,11,0.023305084745762712,2,0.010309278350515464,0.3664611074803391,1.0,False
C*060201,13,0.02754237288135593,12,0.061855670103092786,0.07171143921478007,1.0,False
C*030402,11,0.023305084745762712,2,0.010309278350515464,0.3664611074803391,1.0,False
C*140201,5,0.01059322033898305,4,0.020618556701030927,0.4604091945611084,1.0,False
C*030202,26,0.05508474576271186,12,0.061855670103092786,0.717512037828762,1.0,False
B*420201,3,0.006355932203389831,1,0.005154639175257732,1.0,1.0,False
DRB1*145401,3,0.006355932203389831,2,0.010309278350515464,0.6324000621110163,1.0,False
A*320101,3,0.006355932203389831,0,0.0,0.5603910539024872,1.0,False
DPA1*020202,82,0.17372881355932204,41,0.211340206185567,0.390590415319358,1.0,False
DPB1*3001,0,0.0,1,0.005154639175257732,0.2923538230885096,1.0,False
C*1403,1,0.00211864406779661,0,0.0,1.0,1.0,False
DQA1*030301,73,0.15466101694915255,33,0.17010309278350516,0.7306920895655609,1.0,False
DPB1*1701,10,0.0211864406779661,0,0.0,0.0703657004324863,1.0,False
B*550101,1,0.00211864406779661,0,0.0,1.0,1.0,False
A*800101,7,0.014830508474576272,1,0.005154639175257732,0.4493125179277651,1.0,False
DRB1*010201,25,0.05296610169491525,8,0.041237113402061855,0.6945662521073751,1.0,False
A*660301,3,0.006355932203389831,2,0.010309278350515464,0.6324000621110163,1.0,False
B*1552,1,0.00211864406779661,0,0.0,1.0,1.0,False
DQB1*06@34,1,0.00211864406779661,0,0.0,1.0,1.0,False
DQB1*031901,65,0.13771186440677965,27,0.13917525773195877,1.0,1.0,False
B*510101,6,0.012711864406779662,2,0.010309278350515464,1.0,1.0,False
A*230101,72,0.15254237288135594,25,0.12886597938144329,0.5491330534737651,1.0,False
B*2703,11,0.023305084745762712,8,0.041237113402061855,0.30575859671767164,1.0,False
B*270502,2,0.00423728813559322,0,0.0,1.0,1.0,False
DPB1*020119,6,0.012711864406779662,2,0.010309278350515464,1.0,1.0,False
DQA1*010201,102,0.21610169491525424,33,0.17010309278350516,0.29597274244699456,1.0,False
B*440301,29,0.0614406779661017,12,0.061855670103092786,1.0,1.0,False
C*080201,9,0.019067796610169493,4,0.020618556701030927,1.0,1.0,False
DRB1*040501,33,0.06991525423728813,15,0.07731958762886598,0.744515261864398,1.0,False
DRB3*020101,5,0.01059322033898305,0,0.0,0.32862774476416023,1.0,False
DPB1*020102,23,0.048728813559322036,5,0.02577319587628866,0.2851775981388004,1.0,False
DPB1*1050101,15,0.03177966101694915,20,0.10309278350515463,0.0010158861213848674,0.28546400010914774,False
DRB1*13@37,1,0.00211864406779661,0,0.0,1.0,1.0,False
DRB1*030101,21,0.04449152542372881,8,0.041237113402061855,1.0,1.0,False
DQA1*010502,2,0.00423728813559322,0,0.0,1.0,1.0,False
DPB1*4170102,1,0.00211864406779661,0,0.0,1.0,1.0,False
B*410301,8,0.01694915254237288,2,0.010309278350515464,0.7318022379868447,1.0,False
B*780101,30,0.0635593220338983,6,0.030927835051546393,0.1297348456070441,1.0,False
DPA1*020108,101,0.21398305084745764,35,0.18041237113402062,0.4666507402406608,1.0,False
DQB1*060901,29,0.0614406779661017,9,0.04639175257731959,0.5818868547581436,1.0,False
B*42@26,1,0.00211864406779661,0,0.0,1.0,1.0,False
DPB1*040101,16,0.03389830508474576,5,0.02577319587628866,0.8074671530524469,1.0,False
DPB1*5701,1,0.00211864406779661,0,0.0,1.0,1.0,False
DQB1*06@32,2,0.00423728813559322,0,0.0,1.0,1.0,False
DRB1*120101,7,0.014830508474576272,6,0.030927835051546393,0.21924387460122602,1.0,False
DRB1*110101,4,0.00847457627118644,3,0.015463917525773196,0.4234563471502376,1.0,False
DRB1*130101,12,0.025423728813559324,7,0.03608247422680412,0.45260528793206994,1.0,False
DQA1*010301,9,0.019067796610169493,5,0.02577319587628866,0.5641471327612975,1.0,False
DPA1*0212,4,0.00847457627118644,0,0.0,0.3292385295274698,1.0,False
B*150301,23,0.048728813559322036,13,0.06701030927835051,0.35529579200587524,1.0,False
B*140201,6,0.012711864406779662,4,0.020618556701030927,0.48950377968920056,1.0,False
DPB1*1040101,5,0.01059322033898305,1,0.005154639175257732,0.677870963707318,1.0,False
A*0102,10,0.0211864406779661,3,0.015463917525773196,0.7658198125818247,1.0,False
B*570201,4,0.00847457627118644,0,0.0,0.3292385295274698,1.0,False
B*520102,1,0.00211864406779661,0,0.0,1.0,1.0,False
DQA1*050101,23,0.048728813559322036,10,0.05154639175257732,0.8468496402684192,1.0,False
DQB1*050101,68,0.1440677966101695,21,0.10824742268041238,0.317926678279397,1.0,False
C*0718,18,0.038135593220338986,10,0.05154639175257732,0.5252810704111264,1.0,False
B*450101,26,0.05508474576271186,15,0.07731958762886598,0.37753186542997785,1.0,False
A*340201,23,0.048728813559322036,7,0.03608247422680412,0.6805478879350595,1.0,False
A*680101,22,0.046610169491525424,6,0.030927835051546393,0.5230573463708004,1.0,False
A*010101,9,0.019067796610169493,4,0.020618556701030927,1.0,1.0,False
DQB1*020101,21,0.04449152542372881,10,0.05154639175257732,0.69006626465664,1.0,False
C*040101,97,0.2055084745762712,47,0.2422680412371134,0.4218550174330692,1.0,False
C*170301,7,0.014830508474576272,2,0.010309278350515464,1.0,1.0,False
DRB1*030102,0,0.0,1,0.005154639175257732,0.2923538230885096,1.0,False
DPB1*010101,201,0.4258474576271186,86,0.44329896907216493,0.8162881818386114,1.0,False
DRB1*130301,4,0.00847457627118644,5,0.02577319587628866,0.13330575774279857,1.0,False
DPB1*100101,4,0.00847457627118644,0,0.0,0.3292385295274698,1.0,False
DPB1*400101,19,0.04025423728813559,8,0.041237113402061855,1.0,1.0,False
DRB5*02@9,1,0.00211864406779661,0,0.0,1.0,1.0,False
A*680201,15,0.03177966101694915,7,0.03608247422680412,0.8129351793925993,1.0,False
A*030101,26,0.05508474576271186,14,0.07216494845360824,0.47536100009614013,1.0,False
B*070201,29,0.0614406779661017,11,0.05670103092783505,1.0,1.0,False
DQB1*06@31,1,0.00211864406779661,0,0.0,1.0,1.0,False
A*260101,7,0.014830508474576272,0,0.0,0.2015322382450696,1.0,False
DRB3*01@39,1,0.00211864406779661,0,0.0,1.0,1.0,False
DRB4*01@13,2,0.00423728813559322,3,0.015463917525773196,0.15390813436674974,1.0,False
DPB1*58401,1,0.00211864406779661,3,0.015463917525773196,0.07864443489182132,1.0,False
DQB1*050201,18,0.038135593220338986,8,0.041237113402061855,0.8286456377892112,1.0,False
DRB5*02@7,9,0.019067796610169493,7,0.03608247422680412,0.2650087553508413,1.0,False
DPB1*26@30,1,0.00211864406779661,0,0.0,1.0,1.0,False
DQB1*0203,1,0.00211864406779661,0,0.0,1.0,1.0,False
DQB1*05@48,1,0.00211864406779661,0,0.0,1.0,1.0,False
DRB1*1304,19,0.04025423728813559,7,0.03608247422680412,1.0,1.0,False
A*6828,0,0.0,1,0.005154639175257732,0.2923538230885096,1.0,False
A*330101,27,0.057203389830508475,11,0.05670103092783505,1.0,1.0,False
DPB1*180101,1,0.00211864406779661,0,0.0,1.0,1.0,False
DQA1*010501,6,0.012711864406779662,2,0.010309278350515464,1.0,1.0,False
DPA1*02@44,1,0.00211864406779661,0,0.0,1.0,1.0,False
DRB1*150301,15,0.03177966101694915,1,0.005154639175257732,0.049908787080434114,1.0,False
DPA1*030102,3,0.006355932203389831,5,0.02577319587628866,0.05328190083113775,1.0,False
B*560101,3,0.006355932203389831,0,0.0,0.5603910539024872,1.0,False
DPA1*0202@14,4,0.00847457627118644,5,0.02577319587628866,0.13330575774279857,1.0,False
DPA1*010301,58,0.1228813559322034,16,0.08247422680412371,0.2207745408282966,1.0,False
DPB1*130101,18,0.038135593220338986,13,0.06701030927835051,0.1578997367118995,1.0,False
C*170101,40,0.0847457627118644,15,0.07731958762886598,0.8774952983244305,1.0,False
DPA1*0103@3,1,0.00211864406779661,0,0.0,1.0,1.0,False
DQA1*010101,15,0.03177966101694915,5,0.02577319587628866,0.8063962736345216,1.0,False
B*400201,1,0.00211864406779661,0,0.0,1.0,1.0,False
C*1802,6,0.012711864406779662,4,0.020618556701030927,0.48950377968920056,1.0,False
DPB1*13301,0,0.0,1,0.005154639175257732,0.2923538230885096,1.0,False
B*570101,1,0.00211864406779661,0,0.0,1.0,1.0,False
DRB4*01@41,1,0.00211864406779661,0,0.0,1.0,1.0,False
C*020101,1,0.00211864406779661,0,0.0,1.0,1.0,False
A*2317,3,0.006355932203389831,0,0.0,0.5603910539024872,1.0,False
DQB1*0502@6,1,0.00211864406779661,0,0.0,1.0,1.0,False
A*290201,8,0.01694915254237288,2,0.010309278350515464,0.7318022379868447,1.0,False
DRB3*020202,0,0.0,1,0.005154639175257732,0.2923538230885096,1.0,False
DQB1*030104,6,0.012711864406779662,2,0.010309278350515464,1.0,1.0,False
DRB1*100101,5,0.01059322033898305,2,0.010309278350515464,1.0,1.0,False
C*17@56,1,0.00211864406779661,0,0.0,1.0,1.0,False
DRB1*160201,18,0.038135593220338986,6,0.030927835051546393,0.8200806675215351,1.0,False
DRB4*,5,0.01059322033898305,0,0.0,0.32862774476416023,1.0,False
DPA1*01@10,0,0.0,1,0.005154639175257732,0.2923538230885096,1.0,False
B*530101,49,0.1038135593220339,25,0.12886597938144329,0.42169588354135856,1.0,False
C*070201,29,0.0614406779661017,8,0.041237113402061855,0.455032985821067,1.0,False
DPB1*110101,8,0.01694915254237288,2,0.010309278350515464,0.7318022379868447,1.0,False
B*35@1,1,0.00211864406779661,0,0.0,1.0,1.0,False
DPA1*02@45,0,0.0,1,0.005154639175257732,0.2923538230885096,1.0,False
A*020201,13,0.02754237288135593,8,0.041237113402061855,0.4651023281361224,1.0,False
DRB1*070101,33,0.06991525423728813,12,0.061855670103092786,0.8654193596286652,1.0,False
DPB1*4001,7,0.014830508474576272,1,0.005154639175257732,0.4493125179277651,1.0,False
DPB1*390101,1,0.00211864406779661,0,0.0,1.0,1.0,False
DRB1*030201,80,0.1694915254237288,30,0.15463917525773196,0.7344058365919452,1.0,False
DRB1*110201,28,0.059322033898305086,14,0.07216494845360824,0.6009899072360013,1.0,False
DQB1*030101,14,0.029661016949152543,16,0.08247422680412371,0.007413908470984626,0.4046969560630096,False
DRB1*01@38,1,0.00211864406779661,0,0.0,1.0,1.0,False
DRB1*13112,1,0.00211864406779661,0,0.0,1.0,1.0,False
C*020102,1,0.00211864406779661,0,0.0,1.0,1.0,False
DRB3*03@40,1,0.00211864406779661,0,0.0,1.0,1.0,False
B*15220,1,0.00211864406779661,1,0.005154639175257732,0.49892718311488504,1.0,False
DPB1*040201,7,0.014830508474576272,0,0.0,0.2015322382450696,1.0,False
B*420101,34,0.07203389830508475,12,0.061855670103092786,0.7387231180203249,1.0,False
DQA1*010402,1,0.00211864406779661,0,0.0,1.0,1.0,False
B*4012,0,0.0,1,0.005154639175257732,0.2923538230885096,1.0,False
C*17@27,2,0.00423728813559322,0,0.0,1.0,1.0,False
DRB1*010101,14,0.029661016949152543,4,0.020618556701030927,0.6094202685889293,1.0,False
DQA1*020101,34,0.07203389830508475,14,0.07216494845360824,1.0,1.0,False
A*330301,46,0.09745762711864407,11,0.05670103092783505,0.127126008215906,1.0,False
C*1601@8,1,0.00211864406779661,0,0.0,1.0,1.0,False
DQA1*050501,73,0.15466101694915255,42,0.21649484536082475,0.12368537624360793,1.0,False
C*030301,14,0.029661016949152543,3,0.015463917525773196,0.4196470162891578,1.0,False
DPB1*4630101,2,0.00423728813559322,0,0.0,1.0,1.0,False
DPA1*02@46,0,0.0,1,0.005154639175257732,0.2923538230885096,1.0,False
B*180101,17,0.036016949152542374,3,0.015463917525773196,0.2143719886119009,1.0,False
DPA1*020101,116,0.2457627118644068,44,0.2268041237113402,0.7706370943702168,1.0,False
DQB1*06@35,1,0.00211864406779661,0,0.0,1.0,1.0,False
DRB3*030101,69,0.1461864406779661,22,0.1134020618556701,0.3865458464330308,1.0,False
DQA1*010401,0,0.0,1,0.005154639175257732,0.2923538230885096,1.0,False
B*151601,5,0.01059322033898305,4,0.020618556701030927,0.4604091945611084,1.0,False
A*660101,1,0.00211864406779661,1,0.005154639175257732,0.49892718311488504,1.0,False
A*2306,1,0.00211864406779661,0,0.0,1.0,1.0,False
DPB1*030101,2,0.00423728813559322,4,0.020618556701030927,0.065428487662615,1.0,False
C*070601,3,0.006355932203389831,0,0.0,0.5603910539024872,1.0,False
DPB1*340101,2,0.00423728813559322,0,0.0,1.0,1.0,False
DQB1*06@36,1,0.00211864406779661,0,0.0,1.0,1.0,False
C*150503,0,0.0,1,0.005154639175257732,0.2923538230885096,1.0,False
DPA1*020104,0,0.0,1,0.005154639175257732,0.2923538230885096,1.0,False
A*020501,14,0.029661016949152543,2,0.010309278350515464,0.17336385355117961,1.0,False
DPB1*1801,2,0.00423728813559322,0,0.0,1.0,1.0,False
C*070101,13,0.02754237288135593,2,0.010309278350515464,0.252816723251883,1.0,False
DQA1*0511,1,0.00211864406779661,1,0.005154639175257732,0.49892718311488504,1.0,False
C*120301,2,0.00423728813559322,3,0.015463917525773196,0.15390813436674974,1.0,False
DRB3*0254,1,0.00211864406779661,0,0.0,1.0,1.0,False
DPA1*030101,18,0.038135593220338986,17,0.08762886597938144,0.02185132276313266,0.8771745280628969,False
DPB1*333@20,0,0.0,1,0.005154639175257732,0.2923538230885096,1.0,False
DPA1*0207@4,9,0.019067796610169493,4,0.020618556701030927,1.0,1.0,False
DPB1*170101,23,0.048728813559322036,13,0.06701030927835051,0.35529579200587524,1.0,False
DQB1*060401,6,0.012711864406779662,1,0.005154639175257732,0.679689820078297,1.0,False
A*02346,1,0.00211864406779661,0,0.0,1.0,1.0,False
DRB1*080401,18,0.038135593220338986,6,0.030927835051546393,0.8200806675215351,1.0,False
A*0201@21,0,0.0,1,0.005154639175257732,0.2923538230885096,1.0,False
A*300201,33,0.06991525423728813,20,0.10309278350515463,0.21169451597359124,1.0,False
C*0719,2,0.00423728813559322,0,0.0,1.0,1.0,False
DQA1*0121,1,0.00211864406779661,0,0.0,1.0,1.0,False
A*740101,20,0.0423728813559322,12,0.061855670103092786,0.3240294373088667,1.0,False
DRB1*0859,2,0.00423728813559322,0,0.0,1.0,1.0,False
C*071801,9,0.019067796610169493,0,0.0,0.06604980074362099,1.0,False
DQB1*060201,36,0.07627118644067797,14,0.07216494845360824,1.0,1.0,False
DRB1*090102,30,0.0635593220338983,14,0.07216494845360824,0.7331048290114173,1.0,False
DPB1*01@29,1,0.00211864406779661,0,0.0,1.0,1.0,False
DPA1*0301,14,0.029661016949152543,2,0.010309278350515464,0.17336385355117961,1.0,False
DPA1*0301@2,27,0.057203389830508475,12,0.061855670103092786,0.8567454787563726,1.0,False
A*300401,1,0.00211864406779661,0,0.0,1.0,1.0,False
B*391001,3,0.006355932203389831,3,0.015463917525773196,0.3659537405133352,1.0,False
B*080101,15,0.03177966101694915,0,0.0,0.008284759537710965,0.4046969560630096,False
B*070601,4,0.00847457627118644,2,0.010309278350515464,1.0,1.0,False
B*350101,65,0.13771186440677965,28,0.14432989690721648,0.9031941248743718,1.0,False
A*6602,1,0.00211864406779661,2,0.010309278350515464,0.20682195354093016,1.0,False
B*490101,14,0.029661016949152543,2,0.010309278350515464,0.17336385355117961,1.0,False
C*170102,1,0.00211864406779661,0,0.0,1.0,1.0,False
DPB1*1310101,9,0.019067796610169493,0,0.0,0.06604980074362099,1.0,False
DRB5*02@15,4,0.00847457627118644,0,0.0,0.3292385295274698,1.0,False
B*510201,0,0.0,4,0.020618556701030927,0.0074648121325845695,0.4046969560630096,False
C*160101,85,0.18008474576271186,40,0.20618556701030927,0.5229324323404589,1.0,False
DRB4*010101,50,0.1059322033898305,19,0.0979381443298969,0.8893153519676761,1.0,False
C*030304,1,0.00211864406779661,0,0.0,1.0,1.0,False
DPB1*5840101,3,0.006355932203389831,0,0.0,0.5603910539024872,1.0,False
DRB1*13128,2,0.00423728813559322,0,0.0,1.0,1.0,False
B*410201,4,0.00847457627118644,1,0.005154639175257732,1.0,1.0,False
DRB1*110102,26,0.05508474576271186,15,0.07731958762886598,0.37753186542997785,1.0,False
DQA1*010202,19,0.04025423728813559,7,0.03608247422680412,1.0,1.0,False
A*240201,7,0.014830508474576272,1,0.005154639175257732,0.4493125179277651,1.0,False
DRB1*040802,0,0.0,1,0.005154639175257732,0.2923538230885096,1.0,False
A*020104,1,0.00211864406779661,0,0.0,1.0,1.0,False
A*310102,1,0.00211864406779661,0,0.0,1.0,1.0,False
DRB3*020201,122,0.2584745762711864,57,0.29381443298969073,0.5190817600061042,1.0,False
B*570401,0,0.0,1,0.005154639175257732,0.2923538230885096,1.0,False
B*4418,1,0.00211864406779661,1,0.005154639175257732,0.49892718311488504,1.0,False
DRB3*0202@19,1,0.00211864406779661,2,0.010309278350515464,0.20682195354093016,1.0,False
B*500101,8,0.01694915254237288,8,0.041237113402061855,0.09390074799308862,1.0,False
B*1510@23,0,0.0,1,0.005154639175257732,0.2923538230885096,1.0,False
DQA1*0106@22,0,0.0,1,0.005154639175257732,0.2923538230885096,1.0,False
DPB1*41701,3,0.006355932203389831,1,0.005154639175257732,1.0,1.0,False
B*580101,26,0.05508474576271186,12,0.061855670103092786,0.717512037828762,1.0,False
DQB1*020201,66,0.13983050847457626,29,0.14948453608247422,0.8098255118101831,1.0,False
B*53@25,1,0.00211864406779661,0,0.0,1.0,1.0,False
DRB1*111402,3,0.006355932203389831,0,0.0,0.5603910539024872,1.0,False
DQB1*060301,8,0.01694915254237288,8,0.041237113402061855,0.09390074799308862,1.0,False
DRB5*0221,3,0.006355932203389831,0,0.0,0.5603910539024872,1.0,False
DRB3*0202@18,0,0.0,2,0.010309278350515464,0.0857804630618239,1.0,False
DPB1*461@43,0,0.0,1,0.005154639175257732,0.2923538230885096,1.0,False
DPB1*46101,2,0.00423728813559322,0,0.0,1.0,1.0,False
DPB1*8501,10,0.0211864406779661,0,0.0,0.0703657004324863,1.0,False
DQA1*010102,24,0.05084745762711865,8,0.041237113402061855,0.6940163646736927,1.0,False
C*010201,3,0.006355932203389831,0,0.0,0.5603910539024872,1.0,False
DPA1*0301@3,6,0.012711864406779662,1,0.005154639175257732,0.679689820078297,1.0,False
DPB1*010102,26,0.05508474576271186,9,0.04639175257731959,0.8485116070411641,1.0,False
DQB1*050301,1,0.00211864406779661,1,0.005154639175257732,0.49892718311488504,1.0,False
DRB5*010101,17,0.036016949152542374,1,0.005154639175257732,0.031740613221786784,1.0,False
B*140101,1,0.00211864406779661,0,0.0,1.0,1.0,False
DPB1*41401@17,0,0.0,1,0.005154639175257732,0.2923538230885096,1.0,False
B*370101,1,0.00211864406779661,0,0.0,1.0,1.0,False
B*8201,3,0.006355932203389831,2,0.010309278350515464,0.6324000621110163,1.0,False
DPA1*02@28,1,0.00211864406779661,0,0.0,1.0,1.0,False
DRB3*0134@16,1,0.00211864406779661,1,0.005154639175257732,0.49892718311488504,1.0,False
DPA1*NA,2,0.00423728813559322,0,0.0,1.0,1.0,False
DQA1*040101,78,0.1652542372881356,30,0.15463917525773196,0.8198247787544004,1.0,False
DRB3*010102,108,0.2288135593220339,49,0.25257731958762886,0.6272241679376601,1.0,False
B*820101,4,0.00847457627118644,0,0.0,0.3292385295274698,1.0,False
DPB1*13101,7,0.014830508474576272,6,0.030927835051546393,0.21924387460122602,1.0,False
B*570301,7,0.014830508474576272,2,0.010309278350515464,1.0,1.0,False
C*021001,25,0.05296610169491525,14,0.07216494845360824,0.3701623000581431,1.0,False
C*050101,5,0.01059322033898305,1,0.005154639175257732,0.677870963707318,1.0,False
DQB1*030302,1,0.00211864406779661,0,0.0,1.0,1.0,False
DRB3*02@42,0,0.0,1,0.005154639175257732,0.2923538230885096,1.0,False
DRB4*010301,61,0.1292372881355932,27,0.13917525773195877,0.8033836280881026,1.0,False
DQB1*06@33,1,0.00211864406779661,0,0.0,1.0,1.0,False
DRB1*0806,8,0.01694915254237288,12,0.061855670103092786,0.005299326345603897,0.4046969560630096,False
DQB1*040201,78,0.1652542372881356,30,0.15463917525773196,0.8198247787544004,1.0,False
DPA1*0103@12,1,0.00211864406779661,0,0.0,1.0,1.0,False
C*070102,6,0.012711864406779662,1,0.005154639175257732,0.679689820078297,1.0,False
C*16@51,1,0.00211864406779661,0,0.0,1.0,1.0,False
DPB1*050101,1,0.00211864406779661,0,0.0,1.0,1.0,False
DQB1*030201,41,0.08686440677966102,18,0.09278350515463918,0.881389457679348,1.0,False
C*020202,13,0.02754237288135593,4,0.020618556701030927,0.7890727304447136,1.0,False
A*020101,60,0.1271186440677966,35,0.18041237113402062,0.1508349251707054,1.0,False
DPB1*140101,2,0.00423728813559322,0,0.0,1.0,1.0,False
C*16112,5,0.01059322033898305,1,0.005154639175257732,0.677870963707318,1.0,False
DRB1*130201,55,0.11652542372881355,14,0.07216494845360824,0.159500797451205,1.0,False
B*151001,12,0.025423728813559324,1,0.005154639175257732,0.12300784926984554,1.0,False
DPB1*300101,2,0.00423728813559322,1,0.005154639175257732,1.0,1.0,False
A*6603,1,0.00211864406779661,0,0.0,1.0,1.0,False
DRB1*040101,3,0.006355932203389831,1,0.005154639175257732,1.0,1.0,False
B*350301,1,0.00211864406779661,0,0.0,1.0,1.0,False
A*300101,35,0.07415254237288135,18,0.09278350515463918,0.4389748602340676,1.0,False
DPB1*10501,16,0.03389830508474576,0,0.0,0.008641216143694156,0.4046969560630096,False
B*18145,1,0.00211864406779661,0,0.0,1.0,1.0,False
DPA1*020107,8,0.01694915254237288,6,0.030927835051546393,0.3725291295832088,1.0,False
C*150502,8,0.01694915254237288,3,0.015463917525773196,1.0,1.0,False
DPB1*74501,3,0.006355932203389831,0,0.0,0.5603910539024872,1.0,False
A*02@50,1,0.00211864406779661,0,0.0,1.0,1.0,False
B*4410,3,0.006355932203389831,4,0.020618556701030927,0.20360140753380013,1.0,False
B*440302,5,0.01059322033898305,0,0.0,0.32862774476416023,1.0,False
DPB1*090101,1,0.00211864406779661,0,0.0,1.0,1.0,False
DPA1*020102,1,0.00211864406779661,0,0.0,1.0,1.0,False
C*150506,0,0.0,1,0.005154639175257732,0.2923538230885096,1.0,False
